month,day,Daily_Temp,Daily_Precip,Daily_Humidity,Daily_Pressure,Daily_WindDir,Daily_WindSpeed,Daily_DNI,Daily_DHI,Daily_radiation
1,23,9.827272727272726,12.345454545454546,74.0,1008.2909090909088,232.54545454545453,2.5181818181818185,454.3636363636364,87.0,272.54545454545456
6,2,18.19375,23.49375,64.625,1009.81875,236.8125,2.55625,633.875,90.0,534.75
11,23,12.1,16.5,77.6,1011.3,270.1,2.45,432.7,103.2,282.2
2,8,12.1,8.027272727272726,71.18181818181819,1012.6454545454544,280.8181818181818,2.4454545454545453,506.1818181818182,104.27272727272728,340.90909090909093
8,2,16.666666666666664,13.426666666666666,74.4,1010.96,240.26666666666668,3.6066666666666674,460.4,133.06666666666666,488.73333333333335
12,17,9.86,7.540000000000001,69.3,1018.27,129.2,2.0700000000000003,617.0,62.7,279.0
11,8,12.081818181818182,9.363636363636363,52.0,1002.5636363636363,301.72727272727275,9.136363636363637,508.6363636363636,100.0909090909091,311.09090909090907
11,10,11.363636363636365,10.745454545454548,50.09090909090909,1017.6727272727272,179.1818181818182,1.7272727272727268,604.4545454545455,69.81818181818181,325.27272727272725
4,28,14.892857142857142,9.485714285714286,59.214285714285715,1015.1857142857143,225.64285714285717,3.0642857142857145,766.0714285714287,78.0,579.4285714285714
3,9,12.808333333333335,15.533333333333333,60.91666666666666,1012.3333333333336,122.66666666666669,2.35,507.33333333333326,135.91666666666666,425.41666666666674
3,21,11.4,9.023076923076925,63.384615384615394,1019.4846153846154,297.84615384615387,4.153846153846153,674.1538461538463,91.15384615384615,482.23076923076917
7,13,13.42,16.666666666666668,80.8,1007.5533333333333,241.33333333333331,5.1466666666666665,41.4,271.2,308.2
8,18,16.95714285714286,13.214285714285715,68.0,1004.2928571428572,233.14285714285717,4.05,186.35714285714286,293.5,398.0
1,14,14.263636363636365,17.02727272727273,74.27272727272727,1020.8272727272728,116.36363636363636,2.4727272727272727,504.0,69.45454545454545,263.27272727272725
11,29,15.72,17.87,61.1,1015.51,120.1,2.39,567.4,77.6,291.1
3,26,10.2,9.092307692307692,58.46153846153846,1012.0999999999997,201.15384615384616,3.8230769230769215,702.5384615384614,89.46153846153847,506.6923076923077
5,20,11.88,6.566666666666667,57.33333333333334,1010.4533333333333,298.6666666666667,7.739999999999998,754.6666666666665,77.66666666666667,589.8
2,10,13.936363636363636,6.281818181818182,39.90909090909091,1011.4090909090908,99.8181818181818,3.7090909090909085,685.4545454545455,76.0909090909091,371.0
1,18,16.700000000000006,7.581818181818181,42.54545454545455,1009.6636363636363,97.0,3.7090909090909085,605.9090909090909,60.90909090909091,288.90909090909093
9,25,17.883333333333333,20.583333333333336,70.08333333333333,1010.9333333333333,270.8333333333333,4.283333333333333,661.5833333333334,95.16666666666669,473.66666666666674
1,28,11.209090909090907,16.654545454545456,76.0,1001.5727272727272,179.36363636363637,4.50909090909091,1.7272727272727273,107.45454545454544,108.27272727272728
5,18,13.233333333333333,12.84,73.93333333333334,1012.7933333333333,269.53333333333336,5.486666666666667,669.0,99.33333333333331,562.8
3,31,13.553846153846154,21.13076923076924,76.84615384615384,1018.0384615384617,276.53846153846155,3.392307692307692,388.6153846153846,199.61538461538458,441.46153846153845
9,7,16.814285714285713,21.435714285714287,63.35714285714285,1008.4571428571428,255.78571428571428,3.157142857142857,579.2857142857142,101.07142857142857,466.21428571428567
6,28,14.793333333333333,16.56,75.86666666666666,1002.5666666666667,250.86666666666667,6.746666666666667,385.53333333333336,182.9333333333333,510.6
12,25,11.330000000000002,16.16,75.9,1004.25,232.3,7.6400000000000015,31.7,116.1,127.6
9,11,14.885714285714286,16.657142857142855,80.07142857142857,1011.0785714285716,242.35714285714286,3.6214285714285714,595.0714285714286,90.5,460.6428571428572
8,21,15.742857142857144,18.964285714285715,79.5,1003.7357142857144,235.78571428571428,4.671428571428573,22.714285714285715,252.2142857142857,270.14285714285717
5,5,15.128571428571426,10.685714285714283,65.71428571428571,1014.6,265.5,3.728571428571428,727.4285714285713,94.0,588.7142857142858
11,1,15.5,28.7,79.72727272727273,1011.0272727272724,176.8181818181818,5.263636363636363,48.54545454545455,106.1818181818182,119.27272727272728
3,23,12.853846153846153,8.407692307692308,49.92307692307693,1013.4307692307693,149.38461538461542,8.407692307692308,686.0769230769231,91.0,497.76923076923083
8,6,17.06,15.166666666666668,76.13333333333334,1009.4333333333333,242.26666666666668,3.5666666666666678,202.46666666666667,261.6666666666667,424.73333333333335
5,24,16.14666666666667,16.78666666666667,61.8,1009.4799999999997,252.0,2.74,693.7333333333332,85.2,572.4
7,9,17.386666666666667,24.11333333333333,63.4,1006.3333333333333,248.8,3.333333333333333,686.2666666666668,99.53333333333332,564.5333333333333
12,12,11.169999999999998,21.669999999999995,80.2,1009.15,183.1,6.82,67.4,83.4,95.9
10,8,13.625,11.4,67.66666666666667,1012.1749999999997,271.4166666666667,6.941666666666666,515.4166666666666,110.41666666666669,406.41666666666674
4,16,13.507142857142856,17.071428571428573,77.14285714285714,1008.0714285714287,236.14285714285717,3.178571428571428,104.21428571428572,244.42857142857144,308.2142857142857
3,10,14.953846153846154,17.43846153846154,55.0,1010.8307692307692,87.07692307692308,3.1230769230769235,367.0,163.46153846153842,365.6923076923077
12,3,13.170000000000002,12.39,54.5,1017.66,92.0,2.22,478.5,86.8,268.9
8,23,18.61428571428572,26.07857142857143,66.57142857142857,1006.0714285714287,245.42857142857144,3.1357142857142857,290.5,229.0,436.07142857142856
10,2,23.225,11.908333333333333,42.75,1009.1999999999997,197.41666666666663,1.9,196.91666666666663,219.41666666666663,353.08333333333326
5,19,12.453333333333335,12.04,64.4,1010.28,283.6,8.186666666666667,729.8,75.93333333333334,576.8666666666667
10,22,19.341666666666665,13.025,41.833333333333336,1004.5499999999997,174.75,2.566666666666667,647.1666666666666,66.41666666666667,372.08333333333326
10,30,15.216666666666665,18.85,87.0,1008.4916666666667,229.0,3.308333333333333,70.83333333333333,175.16666666666663,203.25
11,28,15.63,21.93,58.7,1016.18,89.1,3.0,575.1,72.2,291.4
10,29,17.333333333333332,6.983333333333333,43.41666666666666,1011.9333333333334,191.0,2.1333333333333333,579.5833333333334,78.41666666666667,347.08333333333326
2,26,11.791666666666664,8.275,59.66666666666666,1016.5000000000003,300.75,3.6166666666666663,609.4166666666666,100.66666666666669,398.58333333333326
3,17,9.238461538461538,11.315384615384614,67.38461538461539,1013.9230769230768,216.6923076923077,2.523076923076923,207.0769230769231,214.38461538461542,306.15384615384613
7,22,16.013333333333332,13.106666666666667,77.46666666666667,1005.3466666666667,235.2,4.626666666666667,435.9333333333333,145.93333333333334,512.2
11,22,15.279999999999998,6.619999999999999,50.0,1014.61,36.1,3.3,642.0,76.0,324.4
8,9,18.142857142857142,24.050000000000004,70.21428571428571,1008.0714285714287,245.2142857142857,3.2142857142857144,615.2142857142858,107.42857142857143,546.6428571428571
2,12,11.745454545454544,17.045454545454547,79.63636363636364,1012.2,257.6363636363636,4.554545454545455,479.3636363636364,89.27272727272727,320.0
8,4,15.686666666666673,17.533333333333335,83.0,1010.0866666666666,245.0,4.86,236.6,241.8,392.0
2,9,11.609090909090908,19.30909090909091,75.9090909090909,1011.0272727272728,254.72727272727272,2.090909090909091,21.363636363636363,174.8181818181818,183.72727272727272
8,30,16.214285714285715,19.021428571428565,77.0,1005.9714285714284,246.85714285714286,3.435714285714286,95.92857142857143,253.0,333.2857142857143
1,13,13.429999999999998,27.51,81.5,1021.94,139.1,0.85,143.1,146.2,210.3
10,4,19.05,12.433333333333335,59.5,1008.6833333333333,256.0,2.6666666666666665,616.5,100.91666666666669,439.16666666666674
10,24,15.183333333333332,16.941666666666666,82.5,1009.6416666666668,237.33333333333331,2.6916666666666664,294.0,113.25,251.08333333333331
3,1,13.124999999999998,10.15,51.75,1014.6583333333333,188.33333333333331,1.9833333333333336,626.5,103.75,411.08333333333326
12,26,9.62,13.28,64.7,1010.16,243.3,5.51,32.6,130.5,142.0
3,31,17.453846153846154,6.884615384615387,38.230769230769226,1012.8615384615384,134.61538461538458,2.769230769230769,738.1538461538463,84.07692307692308,532.1538461538462
2,13,12.181818181818185,14.30909090909091,78.72727272727273,1011.7,283.8181818181818,6.372727272727274,432.3636363636364,133.72727272727272,341.09090909090907
11,23,14.080000000000002,10.93,63.1,1012.21,322.7,2.04,623.4,74.5,313.4
12,30,8.43,14.74,77.8,1006.45,95.2,3.18,472.9,71.7,251.3
3,12,10.953846153846152,8.823076923076924,60.92307692307693,1015.2153846153843,215.0769230769231,3.33076923076923,617.2307692307693,101.07692307692308,434.23076923076917
12,10,13.0,8.86,67.0,1011.47,249.5,2.26,462.4,88.3,269.6
1,4,12.89,21.800000000000004,86.4,1013.8499999999997,194.0,7.229999999999999,92.9,112.6,149.2
5,26,19.53333333333334,23.453333333333337,57.46666666666667,1006.1866666666666,268.2,2.68,720.6666666666665,77.66666666666667,569.8666666666667
6,15,16.1,12.575,66.8125,1013.66875,282.8125,4.856249999999998,697.4375,69.5,556.75
8,4,15.68,9.846666666666666,75.53333333333333,1009.6533333333333,256.3333333333333,4.493333333333334,412.4666666666666,148.0,460.4
10,5,18.524999999999995,9.333333333333334,61.58333333333334,1010.6166666666667,297.9166666666667,2.0083333333333333,454.16666666666674,143.91666666666666,414.58333333333326
6,20,15.706666666666667,18.03333333333333,76.0,1009.1266666666666,237.0,4.466666666666667,435.86666666666673,154.8,513.0
2,20,13.545454545454545,11.145454545454548,59.27272727272727,1014.2272727272723,103.0,2.2818181818181813,551.8181818181819,119.54545454545456,394.0
1,16,9.16,14.580000000000002,77.4,1004.85,216.6,5.84,47.1,75.9,91.6
9,12,16.057142857142857,13.842857142857143,72.57142857142857,1009.4071428571428,242.14285714285717,2.957142857142857,652.2857142857142,76.14285714285714,470.07142857142856
9,8,16.592857142857145,25.335714285714282,69.35714285714286,1007.1214285714284,247.28571428571428,3.2,533.4285714285714,113.57142857142857,454.71428571428567
1,14,11.03636363636364,12.436363636363636,67.9090909090909,1017.4727272727272,266.90909090909093,3.7909090909090906,319.45454545454544,108.72727272727272,237.0
11,13,16.563636363636366,13.709090909090907,66.18181818181819,1015.881818181818,79.72727272727273,2.6272727272727274,585.0909090909091,68.81818181818181,314.27272727272725
1,27,12.545454545454545,14.436363636363636,83.36363636363636,1022.0090909090912,261.72727272727275,2.4363636363636365,162.0,152.0,210.1818181818182
12,21,11.11,6.44,65.7,1013.7,51.4,3.17,564.0,73.2,275.2
6,8,12.91875,12.931250000000002,71.0625,1010.5124999999997,265.125,6.30625,674.6875,79.375,552.6875
7,9,16.060000000000002,15.02,69.86666666666666,1006.7666666666668,244.9333333333333,3.313333333333333,722.4,81.46666666666667,580.7333333333332
7,12,17.606666666666673,8.633333333333333,58.53333333333333,1008.7533333333334,250.13333333333333,3.226666666666666,780.3333333333335,63.8,598.6666666666666
7,11,17.339999999999996,10.313333333333333,60.8,1010.7066666666666,254.46666666666667,3.18,660.6666666666666,97.33333333333331,567.4666666666667
5,14,12.2,13.428571428571427,77.64285714285714,1009.3714285714284,237.42857142857144,4.771428571428571,34.07142857142857,253.42857142857144,275.14285714285717
12,18,8.350000000000001,11.39,75.1,1018.62,100.8,3.5,549.5,74.3,265.7
10,4,20.041666666666668,12.8,48.33333333333334,1007.0083333333333,223.16666666666663,2.058333333333333,529.0833333333334,140.91666666666666,426.5
11,24,14.3,6.929999999999998,41.6,1015.38,31.2,3.0,650.9,71.1,320.6
5,21,12.22,9.073333333333332,57.73333333333333,1010.04,285.6666666666667,6.286666666666666,726.7333333333332,84.2,582.3333333333334
10,6,18.141666666666666,11.516666666666667,61.58333333333334,1010.2416666666664,281.25,2.3666666666666667,383.0,170.0,386.08333333333326
2,19,12.454545454545453,14.818181818181818,73.36363636363636,1020.7727272727273,212.45454545454547,1.9909090909090907,41.09090909090909,160.63636363636363,173.45454545454547
6,29,15.81875,12.1125,69.4375,1004.375,247.75,4.075,672.1875,78.6875,554.25
4,4,11.161538461538463,19.276923076923076,82.15384615384616,1007.5692307692308,220.46153846153842,6.138461538461537,165.15384615384616,202.6923076923077,274.23076923076917
2,15,12.236363636363635,16.736363636363635,73.81818181818181,1016.1090909090907,254.54545454545453,2.0909090909090904,580.7272727272727,99.45454545454544,365.8181818181818
6,14,15.793749999999996,21.956250000000004,76.8125,1011.26875,269.375,3.375,417.0625,159.5625,465.9375
10,25,15.133333333333333,15.725,74.83333333333333,1008.125,186.75,2.283333333333333,418.0,111.58333333333331,307.6666666666667
11,14,12.250000000000002,18.94,78.6,1017.7999999999997,147.2,3.31,439.7,103.5,305.3
7,28,17.326666666666668,28.0,73.6,1011.0133333333334,252.53333333333333,3.2800000000000007,549.5333333333333,129.26666666666668,522.4666666666667
2,27,10.666666666666666,8.366666666666667,59.25,1015.5166666666668,321.1666666666667,4.55,620.0833333333334,97.33333333333331,406.0
4,20,12.964285714285715,17.264285714285716,74.85714285714286,1013.2642857142856,270.0,3.8285714285714287,300.2857142857143,216.28571428571428,406.07142857142856
11,27,12.81,7.2200000000000015,41.4,1017.41,40.7,2.8600000000000003,605.6,80.9,303.7
8,5,15.759999999999998,12.34,76.8,1010.5999999999997,257.53333333333336,5.1800000000000015,155.33333333333334,240.06666666666663,345.53333333333336
5,16,12.342857142857142,21.785714285714285,77.57142857142857,1007.9714285714286,233.0,4.871428571428571,224.64285714285717,265.5,422.8571428571428
12,7,12.26,21.42,74.0,1009.98,34.2,2.91,477.7,69.9,261.7
10,20,14.949999999999998,21.516666666666666,66.75,1011.4333333333334,169.75,3.375,25.83333333333333,138.58333333333334,144.83333333333334
4,19,13.35,13.599999999999998,72.07142857142857,1012.3928571428572,235.7142857142857,3.3571428571428568,393.9285714285714,143.42857142857142,413.9285714285714
8,15,17.22142857142857,29.242857142857137,76.92857142857143,1010.2357142857144,244.0,3.8857142857142857,167.85714285714286,251.57142857142856,394.57142857142856
9,14,16.26153846153846,12.046153846153846,75.84615384615384,1009.8076923076919,261.9230769230769,3.215384615384615,211.46153846153842,218.38461538461542,380.07692307692315
2,11,11.81818181818182,21.60909090909091,77.0909090909091,1013.2,224.8181818181818,2.7818181818181817,112.0,150.72727272727272,183.72727272727272
1,19,10.427272727272726,8.836363636363636,65.81818181818181,1016.2363636363636,49.27272727272727,4.154545454545455,139.8181818181818,123.63636363636364,178.72727272727272
8,16,17.200000000000006,25.492857142857147,75.71428571428571,1005.0714285714287,239.2142857142857,3.65,339.7142857142857,186.2142857142857,467.6428571428572
7,28,16.053333333333335,16.94666666666667,76.46666666666667,1007.6333333333333,254.7333333333333,3.753333333333335,369.33333333333326,157.6,453.26666666666665
6,1,15.16,19.546666666666667,70.33333333333333,1008.2866666666665,239.8,4.513333333333334,591.6666666666666,144.06666666666666,545.6
11,17,14.96,24.04,76.0,1006.98,158.7,7.06,232.8,98.2,161.8
11,11,15.745454545454544,17.509090909090908,68.81818181818181,1018.8454545454547,135.72727272727272,2.0454545454545454,597.7272727272727,68.0909090909091,320.1818181818182
12,24,11.43,12.459999999999996,69.6,1003.9,266.1,6.2799999999999985,380.5,102.8,236.9
3,27,10.938461538461537,10.915384615384617,65.61538461538461,1014.2923076923078,284.15384615384613,5.776923076923077,589.4615384615385,142.84615384615384,484.6923076923077
8,31,15.114285714285714,9.542857142857144,73.57142857142857,1001.7071428571428,235.92857142857144,4.785714285714286,611.2142857142858,111.0,506.0
11,20,13.12,10.39,54.0,1018.37,80.9,3.08,569.7,86.2,316.3
1,7,10.64,9.23,66.9,1017.88,233.1,2.52,477.6,100.1,268.5
1,25,9.327272727272726,9.454545454545457,63.45454545454545,1004.8818181818184,299.72727272727275,7.963636363636365,447.45454545454544,81.72727272727273,273.09090909090907
1,11,11.670000000000002,11.81,70.5,1019.0399999999997,291.6,4.97,484.9,88.1,275.4
10,16,18.791666666666664,9.35,37.41666666666666,1010.4833333333336,173.33333333333337,2.2166666666666663,643.25,80.25,400.75
12,22,11.169999999999998,7.710000000000001,67.9,1015.8399999999997,110.1,2.72,571.0,69.5,274.6
1,21,12.02727272727273,21.563636363636366,80.27272727272727,1013.1545454545453,179.36363636363637,4.681818181818182,10.454545454545457,125.8181818181818,127.8181818181818
4,7,10.464285714285714,12.507142857142858,72.64285714285714,1012.0857142857144,172.9285714285714,1.8142857142857145,525.5714285714286,88.14285714285714,446.28571428571433
1,1,13.06,24.8,78.3,1014.77,256.4,2.71,146.5,135.3,185.5
7,4,16.62666666666666,13.006666666666668,65.6,1011.68,249.8,3.1199999999999988,733.7333333333332,78.13333333333334,590.1333333333333
5,3,13.914285714285713,11.192857142857143,67.42857142857143,1015.5857142857143,281.35714285714283,3.9357142857142864,579.5,122.0,549.7142857142857
10,27,15.8,29.941666666666666,76.5,1019.5666666666666,162.75,1.675,395.83333333333326,108.58333333333331,310.4166666666667
5,12,14.571428571428573,10.757142857142856,66.21428571428571,1009.157142857143,248.28571428571428,3.8499999999999988,584.7857142857142,129.71428571428572,580.7857142857142
12,19,11.04,8.23,61.8,1022.41,82.8,3.14,575.0,69.2,274.6
11,13,12.045454545454545,23.2,74.63636363636364,1013.5090909090907,200.72727272727272,4.309090909090909,126.8181818181818,123.1818181818182,168.45454545454547
12,20,9.83,12.61,71.6,1013.7999999999997,108.2,3.58,102.1,144.0,186.7
4,10,13.878571428571426,19.62857142857143,76.28571428571429,1011.55,275.2857142857143,3.1142857142857143,348.1428571428572,176.21428571428572,407.8571428571428
3,23,12.161538461538465,17.56153846153846,77.07692307692308,1012.9076923076924,264.3076923076923,4.961538461538462,52.846153846153854,159.76923076923075,182.6923076923077
10,10,15.791666666666664,13.441666666666665,66.5,1013.4583333333335,242.91666666666663,2.6416666666666666,654.9166666666666,84.41666666666667,420.33333333333326
7,29,15.673333333333336,13.300000000000002,77.73333333333333,1007.6666666666665,257.6666666666667,3.9733333333333336,366.73333333333335,165.33333333333334,467.8
6,28,16.046666666666667,17.346666666666668,80.86666666666666,1004.3266666666666,260.2,5.0,112.46666666666668,280.53333333333336,382.2
7,26,16.119999999999994,30.03333333333333,73.33333333333333,1007.28,241.66666666666663,4.3133333333333335,90.0,280.4,350.0
7,2,16.02,19.26,79.93333333333334,1007.62,232.8,4.406666666666666,376.6,170.46666666666667,490.0
1,8,11.25,12.750000000000002,79.6,1014.6900000000003,291.7,3.2,264.0,140.2,222.0
11,8,13.345454545454546,11.081818181818182,53.18181818181818,1012.5818181818183,148.8181818181818,2.2545454545454544,418.09090909090907,102.72727272727272,294.8181818181818
2,22,13.427272727272726,14.881818181818184,59.36363636363637,1020.8363636363637,96.72727272727272,3.4909090909090907,660.1818181818181,99.45454545454544,408.3636363636364
3,2,12.933333333333335,7.15,51.08333333333334,1009.35,174.66666666666663,2.5583333333333336,602.25,113.83333333333331,417.91666666666674
8,8,17.228571428571428,19.9,75.78571428571429,1006.5,232.5,4.614285714285714,333.7142857142857,192.0,475.5
10,17,23.29166666666667,11.341666666666665,33.666666666666664,1008.1416666666664,196.16666666666663,1.958333333333333,645.5833333333334,71.58333333333333,393.08333333333326
11,11,12.418181818181818,11.881818181818181,69.9090909090909,1013.5636363636363,155.54545454545453,2.163636363636364,122.9090909090909,172.1818181818182,216.72727272727272
3,11,9.225,10.975,65.25,1011.8833333333333,139.66666666666666,3.9416666666666655,411.75,166.41666666666666,406.66666666666674
5,5,14.55,15.55,67.21428571428571,1007.8,243.2142857142857,3.135714285714285,729.2857142857142,92.07142857142857,581.4285714285714
2,18,12.527272727272726,12.70909090909091,50.0,1020.5909090909092,147.63636363636363,2.0454545454545454,299.45454545454544,179.1818181818182,325.90909090909093
2,20,11.736363636363635,10.972727272727273,71.72727272727273,1020.8636363636364,299.27272727272725,5.127272727272726,469.3636363636364,138.8181818181818,371.54545454545456
6,27,15.726666666666668,20.933333333333334,80.66666666666667,1005.48,255.46666666666667,4.826666666666666,215.13333333333333,230.33333333333331,398.86666666666673
5,28,16.57333333333333,16.89333333333333,69.8,1006.8933333333333,255.53333333333333,3.32,571.7333333333332,116.2,551.5333333333333
8,28,16.15,17.47142857142857,77.21428571428571,1004.4785714285716,245.2142857142857,3.1428571428571432,227.42857142857144,227.78571428571428,377.8571428571428
12,2,15.96,11.17,61.4,1012.9,32.5,1.61,542.9,80.7,285.1
1,12,12.2,23.020000000000003,76.6,1019.28,177.2,1.41,121.6,135.5,178.9
1,29,10.136363636363637,12.054545454545455,73.36363636363636,1005.7272727272727,202.8181818181818,1.6727272727272726,278.90909090909093,102.0909090909091,204.3636363636364
7,23,16.1,14.253333333333336,76.8,1006.56,236.06666666666663,4.173333333333334,500.06666666666666,129.93333333333334,522.0666666666667
11,4,16.233333333333334,16.8,76.91666666666667,1014.75,268.9166666666667,3.4250000000000003,402.91666666666674,108.5,278.5
3,9,10.708333333333334,12.208333333333336,68.25,1014.6916666666671,195.5,4.866666666666667,280.1666666666667,195.0,355.16666666666674
7,19,16.626666666666665,20.546666666666667,77.0,1009.6,256.2,4.073333333333333,376.6,177.0,451.86666666666673
12,11,10.43,10.38,54.9,1016.63,189.0,1.53,530.7,80.3,270.3
9,18,18.515384615384615,21.484615384615388,76.53846153846153,1010.1692307692308,259.0,3.4846153846153856,535.5384615384615,126.46153846153848,444.1538461538461
4,20,12.285714285714285,10.042857142857144,75.57142857142857,1008.8642857142858,273.64285714285717,5.9071428571428575,641.4285714285714,104.78571428571428,538.5714285714286
6,24,16.080000000000002,19.026666666666667,75.66666666666667,1010.36,254.4,4.1466666666666665,518.2,126.2,540.0666666666667
2,28,12.225,9.499999999999998,50.33333333333334,1016.1749999999997,107.91666666666669,3.891666666666666,634.4166666666666,97.41666666666669,408.75
9,12,18.53076923076923,14.0,67.23076923076923,1008.6384615384616,255.84615384615384,2.276923076923077,60.0,271.61538461538464,318.92307692307685
3,30,14.515384615384615,5.384615384615384,42.692307692307686,1010.2846153846153,100.6153846153846,3.3846153846153846,737.0,85.0,534.3846153846154
8,21,18.45,20.021428571428565,74.07142857142857,1005.7571428571428,253.0,3.5571428571428565,260.2142857142857,231.64285714285717,435.21428571428567
2,5,10.927272727272728,14.654545454545454,44.18181818181818,1018.5454545454547,190.45454545454547,1.781818181818182,571.0,84.54545454545455,328.3636363636364
3,6,12.141666666666666,13.275,77.25,1011.1833333333333,244.83333333333331,3.7083333333333335,99.25,197.25,242.25
6,5,14.74,16.64666666666667,75.26666666666667,1003.0266666666665,247.06666666666663,6.366666666666666,404.26666666666665,153.66666666666666,446.26666666666665
3,6,11.083333333333336,10.241666666666667,70.25,1014.85,269.8333333333333,3.233333333333333,527.6666666666666,132.33333333333334,411.0
3,3,12.654545454545454,8.39090909090909,54.90909090909091,1003.7545454545453,223.1818181818182,2.8363636363636364,255.45454545454547,206.0909090909091,365.0
2,17,13.78181818181818,9.03636363636364,61.63636363636363,1014.0090909090907,210.9090909090909,2.7272727272727275,513.0,112.0,379.27272727272725
3,10,10.041666666666668,11.15,65.16666666666667,1008.4333333333334,208.83333333333331,4.241666666666666,161.66666666666666,187.5,290.1666666666667
10,27,17.625,10.483333333333333,27.16666666666667,1013.2166666666667,123.83333333333331,2.891666666666667,651.5833333333334,56.83333333333334,358.41666666666674
5,27,12.94,12.14,73.6,1013.2533333333333,260.6666666666667,5.040000000000001,713.1333333333333,88.66666666666669,579.1333333333333
12,16,11.04,19.98,73.3,1017.98,98.6,1.83,449.3,87.1,252.0
3,29,12.107692307692306,18.4,76.61538461538461,1014.5307692307694,195.6923076923077,2.7923076923076926,23.07692307692308,191.23076923076923,207.6923076923077
6,6,14.386666666666665,15.453333333333335,73.73333333333333,1007.68,268.53333333333336,7.426666666666665,670.0,89.33333333333331,579.4
3,24,13.9,6.830769230769231,39.46153846153846,1011.8384615384616,164.30769230769232,4.092307692307694,666.2307692307693,104.3846153846154,494.07692307692315
11,3,16.458333333333332,19.991666666666667,79.0,1014.8250000000003,194.83333333333331,0.9500000000000002,496.66666666666674,85.33333333333333,307.5833333333333
6,13,16.54375,26.537499999999994,83.375,1008.50625,255.3125,3.90625,561.0625,96.9375,518.9375
5,31,15.493333333333334,22.380000000000006,78.46666666666667,1009.2866666666665,258.8,3.3999999999999995,56.73333333333333,292.4,328.0
11,19,12.929999999999998,14.34,75.5,1018.7,251.8,2.22,259.6,137.5,260.0
6,20,15.775,14.075,72.5,1004.0,242.5625,4.1,450.875,127.5625,502.9375
3,22,11.461538461538463,14.292307692307697,66.76923076923077,1013.746153846154,304.84615384615387,5.023076923076924,607.9230769230769,105.46153846153848,467.23076923076917
5,13,13.157142857142858,12.485714285714286,71.0,1011.3285714285713,241.28571428571428,4.178571428571429,253.7142857142857,277.5,458.28571428571433
5,11,15.614285714285714,9.085714285714284,57.64285714285714,1006.85,248.07142857142856,3.335714285714286,740.0714285714287,96.28571428571428,604.5
4,27,12.121428571428568,10.457142857142856,63.14285714285714,1010.1428571428572,241.7142857142857,4.042857142857144,739.7142857142858,79.71428571428571,572.4285714285714
1,15,9.618181818181816,11.245454545454548,69.18181818181819,1013.4909090909088,180.8181818181818,2.627272727272727,314.1818181818182,122.8181818181818,232.63636363636363
10,3,21.8,11.241666666666665,44.91666666666666,1007.6416666666668,217.5,2.108333333333334,290.1666666666667,198.08333333333331,379.33333333333326
4,12,12.835714285714285,19.021428571428572,76.35714285714286,1011.0428571428572,229.14285714285717,2.307142857142857,111.64285714285714,213.78571428571428,302.42857142857144
2,2,12.9,16.954545454545453,76.45454545454545,1012.8909090909093,231.54545454545453,3.7,307.90909090909093,132.9090909090909,274.3636363636364
6,11,17.043750000000006,15.012499999999996,71.1875,1009.6749999999997,249.4375,3.3812500000000005,549.875,133.6875,514.4375
5,9,15.22857142857143,13.45,56.214285714285715,1008.7571428571428,267.35714285714283,3.6642857142857146,645.6428571428571,123.0,577.4285714285714
12,6,12.14,13.050000000000002,70.0,1020.17,193.9,1.7900000000000005,357.8,103.5,252.9
3,11,15.407692307692304,20.053846153846152,64.69230769230771,1011.2384615384616,272.0769230769231,1.9230769230769231,463.8461538461538,117.23076923076924,399.1538461538461
4,11,11.735714285714286,9.757142857142858,68.71428571428571,1008.0785714285713,229.0,2.7642857142857147,694.2857142857142,84.85714285714286,524.0
10,23,15.158333333333335,13.574999999999998,71.33333333333333,1008.4916666666667,279.1666666666667,2.4,572.6666666666666,71.33333333333333,362.83333333333326
6,22,16.086666666666662,20.83333333333333,76.53333333333333,1008.52,240.06666666666663,4.366666666666666,556.2,108.33333333333331,544.8666666666667
2,19,12.80909090909091,8.399999999999999,61.63636363636363,1013.2363636363636,180.8181818181818,1.7909090909090908,619.0,105.0,400.09090909090907
4,29,14.407142857142858,21.7,80.5,1011.4857142857144,261.2142857142857,4.592857142857143,257.92857142857144,236.85714285714286,397.57142857142856
8,2,16.653333333333332,13.400000000000002,71.53333333333333,1013.24,260.1333333333333,3.86,715.4,74.93333333333334,554.8666666666667
4,30,14.407142857142857,15.02142857142857,75.64285714285714,1013.1285714285713,274.64285714285717,4.814285714285715,528.1428571428571,149.42857142857142,526.2857142857143
12,13,12.330000000000002,22.44,85.7,1015.17,156.6,4.71,12.5,121.1,124.9
2,29,12.133333333333333,9.825,68.66666666666667,1012.6000000000003,280.8333333333333,5.941666666666666,533.1666666666666,104.16666666666669,398.0
9,13,16.946153846153845,15.207692307692305,71.61538461538461,1007.8153846153847,258.0,3.161538461538462,14.230769230769232,262.0769230769231,270.46153846153845
1,24,9.881818181818184,12.918181818181818,76.36363636363636,1007.7,274.3636363636364,4.563636363636364,102.1818181818182,101.27272727272728,125.72727272727272
2,4,9.89090909090909,5.8181818181818175,37.90909090909091,1018.3272727272728,138.9090909090909,4.945454545454545,640.7272727272727,79.18181818181819,340.27272727272725
7,24,15.846666666666668,13.686666666666667,70.53333333333333,1010.2,238.66666666666663,4.266666666666667,501.66666666666674,134.2,524.6
1,13,11.08,14.73,72.7,1016.7,264.3,3.56,386.6,114.7,244.8
2,5,12.272727272727275,7.10909090909091,57.90909090909091,1017.5909090909092,196.9090909090909,1.963636363636364,641.2727272727273,77.63636363636364,346.72727272727275
12,30,10.8,7.909999999999998,64.3,1020.71,254.6,1.5299999999999998,408.2,98.3,254.7
10,26,16.741666666666667,7.583333333333335,28.75,1012.6166666666667,139.41666666666666,4.2333333333333325,665.25,57.33333333333334,366.91666666666674
11,7,11.736363636363635,12.390909090909092,62.72727272727273,1001.2909090909093,237.3636363636364,3.036363636363637,608.7272727272727,64.36363636363636,336.45454545454544
4,22,14.864285714285714,22.442857142857147,68.92857142857143,1018.7571428571428,243.7142857142857,3.5500000000000003,655.0,98.57142857142857,535.1428571428571
2,13,11.772727272727273,10.390909090909087,72.81818181818181,1012.4454545454547,238.1818181818182,3.063636363636364,141.63636363636363,165.54545454545453,207.63636363636363
9,8,21.821428571428577,13.47857142857143,47.0,1000.5071428571428,281.85714285714283,2.9214285714285717,177.5,265.7142857142857,364.71428571428567
2,1,13.190909090909093,16.245454545454546,65.54545454545455,1010.8,191.45454545454547,4.654545454545455,385.1818181818182,111.27272727272728,281.09090909090907
2,24,14.899999999999995,4.2250000000000005,43.83333333333334,1015.7666666666668,145.0,3.141666666666666,741.25,58.08333333333334,422.58333333333326
7,18,16.806666666666665,19.96,76.33333333333333,1009.5933333333336,248.2,3.746666666666668,494.06666666666666,132.06666666666666,518.6666666666666
8,3,15.92,9.633333333333333,73.53333333333333,1011.66,260.2,4.046666666666666,464.4,139.33333333333334,495.13333333333327
9,29,15.025,12.741666666666667,63.91666666666666,1010.2999999999997,266.9166666666667,3.2750000000000004,691.8333333333335,78.08333333333333,473.08333333333326
7,3,15.113333333333333,13.073333333333334,75.4,1009.94,249.33333333333331,4.233333333333333,482.33333333333326,155.33333333333334,533.6
11,26,14.11,8.18,49.6,1017.93,18.3,2.76,591.9,77.2,308.0
1,3,11.45,20.14,82.3,1018.13,121.5,1.1,28.3,131.0,142.3
10,13,13.025,19.208333333333336,72.33333333333333,1010.6,252.58333333333331,3.475,269.6666666666667,196.33333333333331,302.75
10,18,20.608333333333334,11.658333333333333,50.25,1009.5416666666664,265.5833333333333,2.158333333333333,664.25,67.33333333333333,389.66666666666674
9,21,18.475000000000005,13.583333333333336,65.0,1007.525,247.41666666666663,3.141666666666666,554.8333333333334,137.75,481.83333333333326
12,29,11.04,7.3599999999999985,58.2,1016.21,89.9,1.77,537.9,78.4,276.2
11,4,15.858333333333334,20.95,70.0,1015.9833333333332,213.16666666666663,1.616666666666667,514.0833333333334,79.25,301.0833333333333
5,12,14.292857142857144,19.45714285714286,76.07142857142857,1009.2857142857144,225.0,4.792857142857144,266.57142857142856,253.2142857142857,448.07142857142856
5,7,17.885714285714286,8.407142857142857,50.57142857142857,1010.6357142857142,213.5,2.9,732.7142857142858,97.21428571428572,600.2857142857142
12,10,10.41,9.83,54.9,1015.37,171.3,1.88,602.8,61.8,282.0
8,29,16.4,21.328571428571426,76.5,1005.3857142857145,240.5,3.3928571428571432,57.57142857142857,266.2857142857143,314.2857142857143
11,18,14.080000000000002,16.76,68.1,1012.97,152.7,1.42,230.8,153.1,239.3
6,19,16.475,13.69375,68.0,1001.975,236.9375,4.4125000000000005,631.9375,97.0,547.25
12,20,11.44,7.090000000000002,63.4,1020.4400000000003,28.0,3.21,558.8,74.6,274.7
5,13,14.442857142857141,21.535714285714285,73.35714285714286,1011.5714285714287,209.07142857142856,4.128571428571428,79.92857142857143,276.85714285714283,311.42857142857144
1,2,11.25,19.91,76.2,1017.91,99.4,1.91,26.5,103.4,109.1
6,30,15.306666666666667,20.52,84.2,1005.6466666666668,235.06666666666663,5.226666666666667,170.2,222.66666666666663,311.73333333333335
4,29,14.4,10.214285714285714,63.78571428571429,1017.0928571428572,250.5,3.1714285714285717,741.3571428571429,85.42857142857143,577.6428571428571
8,6,15.742857142857144,21.857142857142854,80.71428571428571,1007.75,236.57142857142856,4.135714285714285,508.57142857142856,128.71428571428572,518.7142857142857
1,31,14.245454545454548,15.618181818181819,77.54545454545455,1019.6090909090907,125.1818181818182,2.3454545454545457,366.09090909090907,121.9090909090909,284.09090909090907
8,24,18.6,30.864285714285717,71.07142857142857,1005.4857142857144,259.2857142857143,2.9,138.0,231.07142857142856,346.21428571428567
10,9,16.11666666666667,20.483333333333327,78.25,1009.125,238.58333333333331,2.4416666666666664,167.16666666666666,191.66666666666663,284.0833333333333
1,30,13.181818181818182,20.5,82.36363636363636,1018.0545454545456,283.0,1.963636363636364,253.27272727272728,148.8181818181818,251.0909090909091
4,8,12.478571428571426,17.07857142857143,75.07142857142857,1009.8428571428572,249.92857142857144,3.5857142857142854,250.78571428571428,212.85714285714286,351.0
1,7,10.71,11.84,79.5,1017.55,79.9,2.45,429.5,97.7,264.2
11,25,14.090000000000005,8.41,48.3,1020.37,97.9,3.03,614.0,72.5,312.9
8,26,15.878571428571426,25.064285714285717,78.57142857142857,1005.6071428571428,243.35714285714286,4.014285714285714,104.0,228.42857142857144,280.14285714285717
3,19,11.246153846153844,11.77692307692308,68.38461538461539,1009.6615384615387,176.84615384615384,2.1769230769230767,385.5384615384616,137.23076923076923,370.8461538461538
2,10,11.663636363636362,17.745454545454546,73.0909090909091,1013.3272727272728,263.3636363636364,2.590909090909091,500.8181818181818,99.9090909090909,333.0
2,28,16.191666666666666,11.833333333333336,59.75,1014.5416666666665,192.75,1.7499999999999998,371.83333333333326,174.75,362.66666666666674
8,28,19.86428571428571,13.357142857142858,54.85714285714285,1001.4214285714284,251.64285714285717,2.6928571428571435,462.21428571428567,169.28571428571428,483.9285714285714
12,6,11.39,13.99,70.3,1014.28,166.9,1.3099999999999998,95.9,113.4,130.9
12,13,12.65,21.660000000000004,85.1,1001.93,189.1,9.239999999999998,172.9,86.8,164.6
7,14,15.106666666666666,20.686666666666667,77.6,1007.6266666666667,225.33333333333331,4.786666666666666,584.5333333333333,104.93333333333334,549.8
9,5,20.342857142857145,18.79285714285714,55.28571428571429,1009.3499999999997,277.2857142857143,1.985714285714285,398.9285714285714,180.14285714285714,429.71428571428567
6,4,13.826666666666664,17.946666666666665,78.4,1007.2533333333333,240.4,4.826666666666666,498.66666666666674,143.46666666666667,517.0666666666667
9,6,17.15,12.735714285714286,63.28571428571429,1008.5,261.2857142857143,2.728571428571428,608.8571428571429,94.92857142857143,485.57142857142856
10,17,16.125,13.475,63.5,1006.7916666666665,237.16666666666663,4.433333333333334,419.16666666666674,141.58333333333334,346.66666666666674
10,31,16.816666666666666,8.108333333333333,50.5,1012.4,161.41666666666666,2.583333333333333,631.3333333333334,58.58333333333334,343.5833333333333
8,22,16.042857142857144,14.364285714285714,73.21428571428571,1004.5571428571428,227.85714285714286,3.928571428571428,257.2142857142857,205.0,419.78571428571433
10,11,14.999999999999998,8.450000000000001,48.5,1010.0,310.0,6.166666666666668,664.6666666666666,80.58333333333333,424.16666666666674
3,30,13.015384615384615,19.5,74.30769230769229,1018.4307692307692,238.15384615384616,2.707692307692308,315.53846153846155,212.0769230769231,398.6923076923077
11,24,13.09,12.99,69.4,1013.15,194.4,1.59,541.9,94.2,299.7
10,23,14.341666666666667,23.825,79.66666666666667,1008.725,216.0,3.5583333333333336,189.16666666666663,159.83333333333334,251.5
12,15,10.83,15.6,70.1,1020.7,259.0,1.25,248.9,131.6,211.8
10,3,19.875,12.441666666666668,51.0,1008.75,288.3333333333333,1.9,579.5833333333334,118.83333333333331,442.08333333333326
8,15,23.114285714285714,28.271428571428572,53.214285714285715,1006.2928571428572,264.2857142857143,2.9857142857142858,688.8571428571429,86.7857142857143,537.7857142857143
11,26,13.29,5.73,44.2,1017.23,71.5,5.839999999999999,625.5,78.2,311.3
9,14,15.999999999999998,11.307142857142859,70.28571428571429,1006.3714285714287,243.28571428571428,3.2142857142857144,599.2142857142858,99.64285714285714,455.6428571428572
5,27,19.82,16.866666666666667,56.8,1006.2,255.9333333333333,2.94,725.4,79.6,579.2666666666668
11,21,12.999999999999995,5.51,47.1,1016.72,88.8,3.1,517.4,112.8,301.8
3,29,12.523076923076928,8.061538461538461,64.30769230769229,1012.7692307692308,261.38461538461536,3.161538461538462,677.0,92.6153846153846,517.1538461538462
7,25,15.92666666666667,15.86,76.26666666666667,1007.7733333333333,233.7333333333333,4.08,493.53333333333336,135.53333333333333,525.0666666666667
8,17,21.35,39.57142857142857,62.92857142857143,1008.9214285714287,260.57142857142856,3.0928571428571425,210.7142857142857,227.7142857142857,341.0
4,12,12.028571428571427,10.985714285714282,70.85714285714286,1005.5285714285716,251.42857142857144,2.8571428571428568,625.0714285714286,101.64285714285714,517.0714285714286
10,21,19.233333333333327,14.516666666666666,56.25,1004.5166666666668,274.25,2.175,618.9166666666666,69.33333333333333,372.33333333333326
12,14,10.63,12.27,73.5,1018.89,318.0,2.94,497.0,75.6,263.8
12,31,8.79,10.859999999999998,69.4,1006.83,326.5,3.53,554.1,72.3,270.6
11,16,14.72,13.57,76.7,1013.21,164.7,2.08,200.0,160.4,249.3
5,26,12.993333333333332,9.946666666666667,72.2,1011.8866666666668,249.13333333333333,3.9466666666666663,724.7333333333332,85.33333333333333,586.6666666666666
5,23,11.906666666666665,15.493333333333334,77.53333333333333,1014.36,254.66666666666663,4.926666666666666,458.9333333333333,180.33333333333331,506.4
5,10,13.749999999999998,9.94285714285714,76.5,1007.9714285714286,242.64285714285717,4.135714285714286,356.1428571428572,199.57142857142856,476.21428571428567
6,11,14.15,19.10625,68.6875,1014.35625,262.6875,3.875,661.1875,80.5,540.6875
10,12,15.241666666666665,6.533333333333334,32.833333333333336,1010.55,330.5833333333333,5.8500000000000005,695.5,73.58333333333333,426.33333333333326
3,8,10.766666666666666,10.275,62.41666666666666,1015.9333333333333,241.41666666666663,4.758333333333334,419.58333333333326,166.08333333333334,394.83333333333326
8,22,18.707142857142856,23.957142857142852,72.14285714285714,1005.85,257.85714285714283,3.071428571428572,379.07142857142856,199.64285714285717,466.3571428571428
2,7,13.21818181818182,10.209090909090909,68.0,1014.6818181818179,177.45454545454547,2.263636363636364,632.9090909090909,79.27272727272727,348.27272727272725
10,5,16.23333333333333,19.33333333333333,68.16666666666667,1008.4583333333335,249.0,3.525,373.58333333333326,163.91666666666666,382.33333333333326
2,8,12.0,9.845454545454542,69.54545454545455,1009.0,229.54545454545453,1.5727272727272723,285.72727272727275,148.54545454545453,284.09090909090907
4,17,12.835714285714287,11.428571428571429,69.64285714285714,1011.4,238.85714285714286,3.2357142857142858,569.7857142857142,107.35714285714286,516.9285714285714
2,25,13.141666666666666,6.466666666666666,38.833333333333336,1018.725,181.33333333333331,3.083333333333333,656.6666666666666,92.91666666666669,402.25
3,8,10.661538461538461,12.584615384615386,69.07692307692308,1009.4846153846156,179.46153846153842,2.415384615384616,281.92307692307685,193.7692307692308,318.6923076923077
1,25,13.863636363636365,27.10909090909091,83.72727272727273,1014.7090909090907,191.8181818181818,1.2545454545454546,87.18181818181819,153.27272727272728,189.1818181818182
9,19,15.3,22.93846153846154,81.23076923076924,1013.1307692307691,266.23076923076917,4.261538461538462,554.4615384615385,106.84615384615385,449.6153846153846
2,7,13.3,7.718181818181818,60.45454545454545,1010.6363636363636,185.1818181818182,2.5181818181818185,631.0909090909091,81.0,351.54545454545456
8,1,16.62,19.473333333333336,74.73333333333333,1012.1866666666667,248.06666666666663,4.426666666666666,456.8,132.4,501.53333333333336
9,22,17.991666666666667,15.683333333333335,65.58333333333333,1013.15,256.3333333333333,2.725,641.4166666666666,112.5,491.33333333333326
1,9,11.239999999999998,12.76,66.5,1018.74,168.4,1.2499999999999998,532.8,78.5,278.3
7,21,15.486666666666668,14.706666666666665,79.8,1007.4266666666664,253.33333333333331,4.306666666666667,242.46666666666667,248.0,435.13333333333327
8,25,17.87857142857143,36.02142857142858,77.78571428571429,1005.8785714285716,255.5,3.25,214.57142857142856,212.92857142857144,370.9285714285714
8,20,16.592857142857138,22.071428571428566,76.21428571428571,1005.5642857142856,249.28571428571428,3.7285714285714286,0.5714285714285714,292.85714285714283,293.2857142857143
10,12,19.133333333333336,15.8,53.75,1013.2916666666665,188.33333333333331,2.683333333333333,680.25,66.25,412.66666666666674
3,16,8.692307692307693,11.753846153846151,70.92307692307692,1008.3384615384616,115.53846153846152,3.846153846153847,154.23076923076925,210.46153846153842,311.46153846153845
7,27,16.92,30.85333333333333,72.46666666666667,1009.4266666666664,256.8666666666667,3.5933333333333337,310.2,158.26666666666668,431.9333333333333
6,25,16.380000000000006,22.57333333333333,77.13333333333334,1003.2133333333336,230.26666666666668,4.366666666666666,548.0666666666667,134.26666666666668,543.4666666666667
2,17,11.527272727272726,8.445454545454545,62.0,1016.6818181818179,244.9090909090909,3.5181818181818176,626.3636363636364,99.54545454545456,392.54545454545456
1,8,11.57,13.3,79.8,1018.56,178.5,1.63,178.9,139.4,195.8
11,2,15.681818181818182,25.063636363636366,84.18181818181819,1016.0272727272728,253.27272727272728,1.9727272727272729,129.0909090909091,164.0909090909091,227.0909090909091
2,27,16.50833333333333,9.858333333333333,58.16666666666666,1017.8833333333333,107.75,2.333333333333333,617.25,102.66666666666669,405.0
10,8,15.216666666666667,16.791666666666668,80.25,1008.7916666666664,252.41666666666663,3.725,9.333333333333334,210.25,213.75
10,7,15.15,14.25,73.25,1008.5416666666665,261.5,3.0083333333333333,153.16666666666666,208.41666666666663,295.6666666666667
1,6,10.56,15.75,74.8,1017.61,81.0,1.8,210.9,119.5,184.8
6,16,17.468750000000004,10.7375,58.125,1010.75,277.3125,3.4812500000000006,690.8125,86.1875,559.3125
5,4,14.249999999999998,7.135714285714287,55.28571428571429,1015.9714285714286,287.92857142857144,3.0285714285714285,748.7857142857142,97.0,597.0714285714286
1,17,15.409090909090908,15.263636363636365,60.27272727272727,1014.0545454545453,99.1818181818182,2.3818181818181823,485.7272727272728,73.81818181818181,266.8181818181818
6,7,14.381250000000005,11.59375,65.8125,1013.30625,288.625,7.50625,675.125,80.6875,551.75
8,1,16.82,12.18,75.93333333333334,1011.0533333333333,246.8,3.4466666666666668,529.2,130.06666666666666,512.2666666666668
11,20,14.589999999999998,10.51,67.0,1016.22,105.3,2.69,561.3,82.5,314.1
11,6,14.390909090909092,12.409090909090908,63.45454545454545,1004.8545454545456,284.27272727272725,6.1909090909090905,523.5454545454545,86.9090909090909,319.90909090909093
11,9,10.89090909090909,7.563636363636363,34.45454545454545,1013.8,115.8181818181818,1.9909090909090907,575.6363636363636,66.81818181818181,318.27272727272725
5,21,14.986666666666665,14.473333333333333,73.13333333333334,1012.2866666666667,247.66666666666663,3.5866666666666664,660.0,98.8,567.4666666666667
5,1,13.235714285714286,11.578571428571427,80.21428571428571,1011.785714285714,268.0,5.55,446.28571428571433,174.0,515.2142857142857
9,15,17.292307692307695,11.884615384615385,76.07692307692308,1011.9230769230768,269.53846153846155,2.769230769230769,379.23076923076917,191.61538461538458,436.6153846153846
1,31,12.590909090909092,15.572727272727274,64.18181818181819,1015.2545454545453,176.36363636363637,1.8,353.0,118.63636363636364,268.0
1,20,13.781818181818185,7.218181818181819,40.45454545454545,1012.636363636364,35.45454545454545,3.3,529.3636363636364,81.72727272727273,284.45454545454544
5,28,13.333333333333336,18.33333333333333,80.2,1011.8266666666667,246.2,4.846666666666667,490.66666666666674,136.13333333333333,520.2
7,31,16.946666666666665,26.92,75.6,1010.3666666666667,241.9333333333333,4.959999999999999,408.9333333333333,156.06666666666666,491.4666666666666
11,18,14.489999999999998,20.14,81.5,1010.67,205.1,5.619999999999999,264.2,144.1,254.9
12,31,12.57,14.87,64.8,1014.78,163.6,1.63,487.8,85.5,259.9
9,13,15.52142857142857,13.428571428571427,73.85714285714286,1007.2928571428572,245.14285714285717,3.2142857142857144,616.0,84.5,464.8571428571428
6,13,14.56,19.14,74.66666666666667,1012.8733333333334,268.8,5.793333333333332,622.4666666666667,95.93333333333334,564.7333333333332
3,28,14.830769230769231,8.715384615384616,50.769230769230774,1018.6230769230768,227.23076923076923,2.2923076923076917,729.6923076923077,83.61538461538461,518.4615384615385
9,28,24.29166666666667,17.383333333333333,33.25,1006.7583333333333,162.58333333333334,1.9166666666666667,358.33333333333326,193.08333333333331,407.33333333333326
2,14,10.60909090909091,19.918181818181818,75.63636363636364,1013.2181818181816,288.1818181818182,3.436363636363637,139.63636363636363,156.0,197.63636363636363
2,4,10.636363636363637,10.372727272727273,61.63636363636363,1018.7454545454547,125.54545454545456,2.545454545454546,583.8181818181819,82.0,328.09090909090907
3,27,13.96923076923077,9.023076923076921,53.153846153846146,1017.1923076923076,215.46153846153842,2.184615384615385,751.9230769230769,73.53846153846153,516.5384615384615
3,14,10.430769230769233,12.73846153846154,70.46153846153847,1018.3076923076923,196.9230769230769,5.323076923076924,84.69230769230771,183.0,216.15384615384616
2,11,15.30909090909091,8.518181818181818,43.45454545454545,1012.1636363636363,174.0,2.754545454545455,671.6363636363636,78.63636363636364,369.3636363636364
8,8,17.214285714285715,25.67142857142857,73.5,1008.8214285714287,240.28571428571428,3.7571428571428567,526.5714285714286,126.64285714285714,523.1428571428571
7,17,15.733333333333334,14.566666666666668,72.33333333333333,1008.0933333333335,232.4,3.54,575.8666666666667,110.2,554.0666666666667
3,4,16.025,11.483333333333333,57.08333333333334,1011.9833333333336,139.91666666666666,2.458333333333333,652.0833333333334,99.08333333333331,434.0
9,26,18.925,24.80833333333333,70.91666666666667,1010.9083333333334,280.4166666666667,3.341666666666667,678.4166666666666,89.58333333333331,467.33333333333326
2,18,14.363636363636365,6.118181818181819,40.27272727272727,1011.6363636363636,145.63636363636363,2.7909090909090906,639.6363636363636,99.8181818181818,402.0
11,12,16.327272727272728,13.481818181818182,73.72727272727273,1017.4272727272728,134.36363636363637,2.8363636363636364,602.5454545454545,69.36363636363636,319.72727272727275
7,11,14.973333333333334,21.040000000000006,73.33333333333333,1007.4133333333334,245.4,4.026666666666667,311.06666666666666,228.33333333333331,449.13333333333327
2,1,14.463636363636365,11.672727272727276,75.45454545454545,1019.9636363636363,176.72727272727272,2.345454545454545,506.45454545454544,95.36363636363636,312.3636363636364
11,5,18.46363636363636,16.999999999999996,62.27272727272727,1013.9727272727276,172.9090909090909,2.2,643.1818181818181,60.27272727272727,345.3636363636364
6,1,15.066666666666665,24.86666666666667,78.0,1010.1266666666667,256.73333333333335,3.373333333333333,532.6666666666666,133.4,539.3333333333334
5,30,16.68,25.36,73.2,1006.8866666666668,203.86666666666667,4.426666666666666,155.33333333333334,228.06666666666663,332.4
2,21,15.054545454545455,12.636363636363635,50.36363636363637,1012.6727272727277,112.45454545454544,2.7090909090909094,504.3636363636364,128.27272727272728,386.27272727272725
12,23,12.820000000000002,21.0,90.2,1002.8,190.9,4.700000000000001,27.3,108.7,119.3
12,2,13.03,9.91,51.3,1014.27,116.7,2.8000000000000003,551.7,85.3,283.1
11,22,12.5,7.38,56.7,1012.62,277.2,1.75,481.2,101.0,292.9
3,12,14.623076923076924,15.953846153846154,67.30769230769229,1007.6307692307691,227.53846153846158,2.5923076923076924,535.8461538461538,116.6153846153846,423.1538461538461
6,26,16.499999999999996,25.08666666666667,76.66666666666667,1005.7066666666667,239.8,4.213333333333333,490.13333333333327,129.8,526.4
7,7,14.886666666666665,11.293333333333333,79.0,1009.16,261.4,5.373333333333334,338.6,200.7333333333333,453.2
9,9,15.821428571428571,26.58571428571429,72.57142857142857,1005.3642857142858,236.5,3.45,372.5,170.14285714285714,408.21428571428567
2,26,15.958333333333336,10.533333333333333,53.25,1019.875,132.33333333333334,2.191666666666667,638.0833333333334,92.33333333333331,401.83333333333326
10,29,17.24166666666667,18.85,76.58333333333333,1009.75,297.25,1.825,529.3333333333334,90.83333333333331,327.25
8,14,22.985714285714284,33.37857142857142,47.0,1006.7642857142856,231.2142857142857,2.442857142857143,429.4285714285714,159.64285714285714,472.3571428571428
10,21,16.533333333333335,35.125,87.0,1012.6749999999997,168.41666666666666,3.341666666666667,8.916666666666666,128.16666666666666,133.25
1,11,11.06,11.990000000000002,73.5,1018.52,34.8,2.14,280.9,128.4,249.8
3,7,10.45,15.308333333333332,79.08333333333333,1008.5416666666665,271.25,3.2416666666666667,85.0,210.75,260.9166666666667
11,16,14.736363636363635,12.318181818181818,62.81818181818182,1012.5636363636363,85.9090909090909,3.354545454545455,570.0,72.81818181818181,301.45454545454544
5,2,14.735714285714282,19.75,77.78571428571429,1013.5642857142857,247.2142857142857,3.914285714285714,315.14285714285717,250.85714285714286,454.1428571428572
7,16,14.313333333333334,13.286666666666665,76.46666666666667,1009.0599999999997,235.26666666666668,4.2333333333333325,450.33333333333326,143.93333333333334,523.2
7,12,13.753333333333332,20.33333333333333,80.13333333333334,1007.4600000000003,249.13333333333333,4.906666666666668,47.86666666666667,313.73333333333335,348.66666666666674
12,9,13.529999999999998,8.52,52.9,1013.02,23.3,3.3200000000000003,482.2,99.8,264.4
6,17,18.4875,13.60625,55.125,1005.0500000000003,266.0,3.10625,617.25,107.0,544.1875
10,20,18.758333333333336,13.408333333333333,57.58333333333334,1007.1,232.25,1.9833333333333332,608.5833333333334,73.0,375.16666666666674
4,30,13.214285714285715,7.028571428571429,70.07142857142857,1015.9357142857144,246.64285714285717,3.3214285714285707,541.7142857142857,173.5,535.0714285714286
11,7,13.445454545454545,10.818181818181818,59.72727272727273,1015.981818181818,318.27272727272725,3.5727272727272723,548.0,77.0909090909091,333.54545454545456
9,25,14.583333333333336,20.108333333333327,78.16666666666667,1009.3916666666664,254.08333333333331,3.4333333333333336,1.5833333333333333,256.4166666666667,257.1666666666667
8,5,14.806666666666667,18.68666666666667,86.26666666666668,1009.0266666666668,252.2,5.786666666666666,194.66666666666663,247.66666666666663,376.0
7,16,16.12666666666667,24.13333333333333,76.4,1006.9733333333335,247.8,4.166666666666667,279.1333333333333,223.13333333333333,456.86666666666673
12,22,10.64,20.44,83.2,1010.97,85.5,2.22,11.8,100.0,102.7
4,16,11.742857142857142,9.928571428571429,71.71428571428571,1011.1000000000003,259.07142857142856,3.45,640.9285714285714,105.21428571428572,529.2142857142857
5,17,16.585714285714285,21.01428571428572,73.35714285714286,1005.45,220.64285714285717,5.078571428571427,472.0,159.5,541.5
6,18,18.175,13.79375,57.3125,1001.8,247.0625,3.2375,624.5625,100.375,545.5
6,14,16.63125,24.918750000000006,80.125,1011.325,259.5,4.3125,533.75,106.875,513.0625
9,7,24.735714285714288,20.7,41.785714285714285,1005.2285714285716,265.57142857142856,2.8285714285714287,285.35714285714283,206.14285714285717,398.57142857142856
11,30,16.03,10.98,58.4,1014.07,87.3,2.4199999999999995,606.9,68.7,298.5
7,2,15.06,12.166666666666664,76.13333333333334,1005.98,224.46666666666667,4.593333333333333,642.9333333333333,99.0,579.1333333333333
11,15,13.236363636363635,17.82727272727273,62.0,1019.2272727272723,168.36363636363637,1.4181818181818182,562.6363636363636,73.0909090909091,296.90909090909093
2,15,11.690909090909093,23.763636363636365,88.63636363636364,1013.1636363636363,225.72727272727272,4.072727272727273,37.63636363636363,181.1818181818182,202.1818181818182
11,9,14.7,24.027272727272724,79.54545454545455,1013.9363636363637,178.0909090909091,4.245454545454545,6.090909090909091,111.1818181818182,113.45454545454544
8,12,17.07857142857143,29.03571428571429,76.5,1009.5357142857144,254.2142857142857,4.249999999999999,349.3571428571428,216.14285714285717,475.1428571428572
9,3,15.714285714285715,19.2,79.07142857142857,1011.5642857142856,273.07142857142856,3.942857142857143,213.92857142857144,183.7142857142857,328.0
4,4,11.6,11.930769230769231,68.23076923076923,1016.1307692307691,272.9230769230769,3.9153846153846152,440.07692307692315,168.0769230769231,477.76923076923083
12,27,11.359999999999998,10.1,73.8,1009.97,133.4,2.28,476.7,79.6,263.4
11,29,12.610000000000005,6.760000000000002,49.3,1016.41,159.1,2.29,610.3,77.2,301.8
4,14,15.514285714285714,8.335714285714285,56.14285714285714,1016.8357142857144,178.78571428571428,3.0000000000000004,746.2142857142858,72.57142857142857,544.5714285714286
4,6,10.042857142857144,13.6,72.42857142857143,1003.6857142857144,143.85714285714286,2.8071428571428574,12.142857142857142,179.85714285714286,188.78571428571428
12,24,9.88,7.68,59.8,1018.48,55.4,3.5800000000000005,340.7,100.6,239.7
3,7,10.775,11.241666666666667,63.91666666666666,1014.425,301.75,3.9166666666666665,665.75,102.33333333333331,440.33333333333326
10,9,15.141666666666666,14.366666666666667,65.5,1015.6,163.5,3.7833333333333337,544.6666666666666,103.0,410.25
11,12,11.872727272727273,8.545454545454547,65.45454545454545,1012.6454545454544,168.0,2.3000000000000003,535.9090909090909,79.81818181818181,314.72727272727275
4,21,13.064285714285715,16.9,73.78571428571429,1016.8285714285713,279.7142857142857,4.235714285714286,571.7857142857142,121.85714285714286,525.7142857142857
1,1,11.499999999999998,14.11,68.1,1015.1900000000003,157.9,1.96,384.8,113.0,245.3
10,19,13.408333333333333,13.033333333333333,65.75,1010.3666666666667,201.16666666666663,2.841666666666667,465.33333333333326,121.91666666666669,348.75
3,1,10.541666666666666,11.858333333333333,57.66666666666666,1010.4083333333333,218.25,4.166666666666667,203.08333333333331,205.75,305.6666666666667
6,23,16.566666666666666,20.733333333333327,72.93333333333334,1007.42,243.53333333333333,4.053333333333333,487.4666666666666,153.6,515.8666666666667
4,6,11.376923076923076,10.161538461538461,72.69230769230771,1011.7923076923078,246.7692307692308,3.892307692307692,419.0,173.0,479.8461538461538
3,25,10.684615384615384,11.023076923076923,64.15384615384616,1013.1538461538463,280.76923076923083,3.8615384615384616,553.1538461538462,107.30769230769229,458.23076923076917
8,29,18.200000000000006,15.149999999999995,69.71428571428571,1003.5214285714287,259.0,3.1357142857142857,529.9285714285714,140.0,492.9285714285714
12,8,12.57,21.86,82.0,1010.9300000000003,219.5,2.04,75.7,106.5,120.9
4,24,11.785714285714285,14.999999999999998,73.71428571428571,1010.9285714285713,230.7142857142857,4.464285714285714,312.0,200.92857142857144,457.21428571428567
10,2,19.191666666666666,14.341666666666667,52.91666666666666,1009.5333333333333,245.41666666666663,2.1416666666666666,648.5833333333334,100.16666666666669,452.0
10,15,22.875,15.458333333333336,32.583333333333336,1010.3166666666667,132.33333333333334,2.933333333333333,673.9166666666666,64.91666666666667,399.75
5,8,15.435714285714285,8.792857142857143,47.07142857142857,1010.9571428571428,278.57142857142856,3.2571428571428567,729.2142857142858,98.85714285714286,597.2142857142858
4,19,13.485714285714286,9.485714285714286,68.14285714285714,1013.4714285714286,239.92857142857144,3.7357142857142858,439.8571428571428,146.14285714285714,464.07142857142856
3,13,10.753846153846151,8.576923076923077,75.15384615384616,1018.8307692307687,273.0,4.669230769230769,306.84615384615387,184.53846153846158,349.15384615384613
8,20,18.807142857142857,14.592857142857143,63.0,1006.907142857143,255.35714285714286,3.2142857142857144,284.42857142857144,256.0,446.5
6,6,13.69375,13.975,70.75,1005.15625,231.125,4.475,650.875,84.3125,545.6875
7,29,17.246666666666666,30.47333333333334,75.13333333333334,1009.4133333333334,245.6,3.68,412.13333333333327,167.0,487.0
4,25,17.314285714285713,15.335714285714285,64.21428571428571,1012.2642857142856,266.92857142857144,2.571428571428572,622.6428571428571,126.0,543.0714285714286
7,10,17.22666666666667,11.466666666666667,63.93333333333333,1009.3333333333335,249.66666666666663,3.1,710.9333333333333,96.73333333333332,575.6666666666666
7,25,15.926666666666668,22.64666666666667,71.2,1008.3933333333333,244.8,4.08,445.2,153.06666666666666,500.53333333333336
4,28,16.664285714285715,26.35,71.92857142857143,1013.25,271.35714285714283,3.1357142857142857,717.4285714285713,81.28571428571429,557.0
7,24,15.013333333333332,19.253333333333334,80.93333333333334,1007.6333333333334,247.9333333333333,4.766666666666667,186.06666666666663,249.7333333333333,386.33333333333326
8,7,16.366666666666667,25.3,75.26666666666667,1007.7,235.9333333333333,4.080000000000001,647.0666666666667,83.0,520.8666666666667
8,12,17.135714285714286,16.771428571428572,76.64285714285714,1007.85,253.5,3.3714285714285714,367.0,165.28571428571428,470.8571428571428
4,2,14.453846153846152,6.230769230769232,60.0,1009.6692307692308,261.6923076923077,3.4461538461538463,733.0769230769231,96.23076923076924,538.6923076923076
5,19,14.620000000000005,16.58666666666667,72.4,1010.4266666666667,268.0,4.246666666666667,573.8,122.33333333333331,539.2
5,24,12.32,17.153333333333332,74.53333333333333,1014.6,245.0,3.453333333333333,573.2,108.33333333333331,545.1333333333333
6,12,15.06875,18.225,75.75,1011.44375,256.5,5.4,335.875,173.625,397.1875
5,1,14.22857142857143,14.071428571428573,58.714285714285715,1013.214285714286,270.2857142857143,4.185714285714286,637.4285714285714,115.78571428571428,564.5
9,18,14.615384615384615,21.815384615384612,82.61538461538461,1011.6769230769231,222.7692307692308,4.084615384615383,246.6923076923077,214.53846153846158,363.07692307692315
7,10,16.386666666666667,27.673333333333336,66.8,1008.1666666666667,246.66666666666663,3.3600000000000003,637.7333333333332,103.93333333333334,559.0
3,20,12.7,12.115384615384615,64.07692307692308,1015.3307692307692,121.23076923076924,2.423076923076924,585.6153846153846,123.46153846153848,457.07692307692315
8,3,17.686666666666664,17.733333333333334,67.4,1011.0266666666668,245.66666666666663,3.646666666666667,690.9333333333333,77.6,540.6
1,30,10.636363636363637,13.063636363636364,67.9090909090909,1014.2454545454547,174.0,2.2818181818181817,395.45454545454544,114.0909090909091,284.0
7,30,16.133333333333333,13.326666666666664,76.86666666666666,1009.78,251.53333333333333,3.826666666666666,400.73333333333335,126.93333333333334,443.6
9,11,16.692857142857143,15.207142857142856,71.78571428571429,1011.3785714285716,283.7142857142857,2.628571428571429,0.0,248.07142857142856,248.07142857142856
8,14,17.150000000000002,29.285714285714285,78.14285714285714,1012.2214285714286,244.85714285714286,4.007142857142858,251.2142857142857,218.07142857142856,428.5
3,19,11.730769230769226,16.092307692307696,78.38461538461539,1015.6538461538463,257.84615384615387,3.6230769230769235,218.46153846153842,184.46153846153842,340.53846153846155
1,3,12.4,9.68,69.9,1016.65,97.9,2.39,537.7,76.9,274.4
9,30,18.766666666666666,17.741666666666667,68.0,1012.3666666666667,290.3333333333333,2.108333333333334,304.75,182.08333333333331,389.75
6,10,13.118750000000002,10.95625,72.125,1017.85625,269.625,4.75,706.0625,73.4375,558.125
12,14,9.830000000000002,11.58,69.1,1004.74,281.2,5.55,489.8,60.5,262.1
8,10,18.05,23.77857142857143,71.07142857142857,1007.3,249.57142857142856,3.7071428571428577,456.8571428571428,156.64285714285714,510.4285714285714
5,8,18.1,10.30714285714286,51.78571428571429,1006.8357142857144,241.35714285714286,2.4928571428571438,708.3571428571429,107.07142857142857,595.2857142857142
10,15,17.025000000000002,9.95,42.66666666666666,1013.975,144.75,2.6666666666666674,656.1666666666666,79.41666666666667,404.41666666666674
3,21,13.215384615384615,15.392307692307694,64.92307692307692,1015.0769230769232,142.23076923076925,2.0538461538461537,249.23076923076923,211.6923076923077,345.6153846153846
12,31,10.88,11.88,73.7,1017.55,279.0,2.72,514.2,76.8,267.1
6,5,13.475,13.368750000000002,72.8125,1007.95625,232.3125,4.44375,593.4375,110.8125,532.4375
1,22,12.363636363636367,21.01818181818182,82.0909090909091,1017.4545454545456,132.36363636363637,2.645454545454545,350.27272727272725,96.0909090909091,249.8181818181818
4,1,18.5,7.1923076923076925,34.615384615384606,1009.6769230769232,188.6923076923077,2.238461538461538,721.0,90.92307692307692,533.6153846153846
9,1,14.65,10.371428571428572,75.28571428571429,1004.2071428571428,238.28571428571428,5.3285714285714265,578.0,118.42857142857143,496.21428571428567
5,11,14.214285714285715,17.092857142857145,70.5,1008.2642857142856,205.57142857142856,4.757142857142857,301.57142857142856,225.28571428571428,387.6428571428572
4,27,15.314285714285711,20.15,65.14285714285714,1013.7714285714284,278.92857142857144,3.928571428571429,697.6428571428571,94.07142857142857,554.7142857142857
9,16,14.269230769230768,15.561538461538465,77.15384615384616,1006.0230769230768,235.23076923076923,4.269230769230768,85.38461538461539,244.9230769230769,307.3076923076923
9,4,16.12142857142857,18.24285714285714,78.92857142857143,1010.6142857142861,264.92857142857144,3.9071428571428575,476.78571428571433,126.35714285714286,452.6428571428572
6,10,17.925,15.787500000000005,62.0625,1012.05625,254.6875,2.59375,591.75,119.125,523.75
9,24,16.283333333333335,15.766666666666667,72.08333333333333,1007.275,256.0833333333333,3.0833333333333326,87.25,296.3333333333333,333.0
10,25,14.391666666666667,20.90833333333333,76.5,1001.7416666666667,250.41666666666663,5.391666666666667,394.08333333333326,102.83333333333331,307.9166666666667
4,13,11.657142857142857,7.685714285714284,71.57142857142857,1005.2,265.07142857142856,6.178571428571429,586.2857142857142,115.0,518.3571428571429
12,11,10.55,13.689999999999998,69.1,1015.54,281.9,2.3400000000000003,140.8,130.2,167.6
5,6,12.992857142857144,14.15,73.57142857142857,1011.0285714285714,262.64285714285717,4.821428571428571,595.3571428571429,125.57142857142857,564.0
10,28,17.658333333333328,19.675,75.0,1015.3416666666666,153.25,2.5083333333333333,539.1666666666666,87.25,334.0833333333333
12,17,12.0,13.760000000000002,74.1,1012.73,270.3,5.6,458.4,82.0,257.1
7,26,16.38,21.186666666666664,76.4,1008.22,253.06666666666663,3.813333333333333,426.9333333333333,135.86666666666667,484.86666666666673
4,15,16.392857142857142,12.392857142857142,56.57142857142857,1013.7214285714286,245.64285714285717,2.6928571428571426,720.2142857142858,82.85714285714286,537.3571428571429
12,27,9.38,13.01,70.7,1007.54,277.7,7.019999999999999,376.5,89.3,237.7
4,13,13.535714285714288,14.850000000000005,72.64285714285714,1013.6142857142861,234.2142857142857,2.7428571428571438,555.7857142857143,107.5,505.6428571428572
7,1,15.659999999999998,14.400000000000004,73.2,1005.24,235.6,4.153333333333333,658.5333333333333,93.2,578.0666666666667
10,28,17.400000000000002,7.291666666666668,38.083333333333336,1012.4666666666667,139.0,2.0,586.9166666666666,81.33333333333333,351.83333333333326
10,19,18.483333333333327,13.791666666666664,64.16666666666667,1010.0,262.4166666666667,2.333333333333333,616.5833333333334,76.0,378.08333333333326
2,24,12.508333333333333,11.866666666666667,70.5,1022.0166666666668,251.0,2.4,621.4166666666666,89.16666666666669,390.58333333333326
10,11,17.116666666666667,22.53333333333333,73.33333333333333,1012.4500000000003,196.91666666666663,2.941666666666667,535.0,86.16666666666669,388.58333333333326
3,25,11.507692307692306,11.584615384615386,69.53846153846153,1005.3923076923076,282.46153846153845,4.976923076923077,619.3846153846154,101.3846153846154,486.5384615384616
2,9,12.936363636363636,5.636363636363638,44.81818181818182,1011.3363636363637,96.54545454545456,8.836363636363636,666.0909090909091,79.45454545454545,367.8181818181818
12,18,11.58,9.89,57.9,1018.49,105.8,2.12,537.8,72.0,268.9
12,21,9.47,17.45,68.6,1013.88,62.1,3.3,281.9,97.7,195.3
8,19,21.742857142857147,26.957142857142852,46.35714285714285,1007.95,259.7142857142857,3.207142857142857,291.35714285714283,235.14285714285717,450.8571428571428
8,16,22.721428571428564,34.23571428571428,52.14285714285714,1007.0,249.14285714285717,2.485714285714286,224.64285714285717,160.28571428571428,285.07142857142856
4,26,15.157142857142858,13.814285714285715,73.78571428571429,1011.7785714285716,264.2142857142857,4.235714285714286,584.6428571428571,114.64285714285714,537.7142857142857
6,15,16.38125,24.487500000000004,74.8125,1010.79375,277.6875,5.0,387.5625,186.9375,463.0
12,4,12.34,14.06,77.5,1016.3499999999997,234.3,1.9,203.6,122.8,214.2
5,2,13.7,11.75,69.0,1008.7785714285714,287.5,5.1571428571428575,696.1428571428571,100.71428571428572,573.1428571428571
3,3,15.983333333333334,11.35,50.33333333333334,1011.1749999999997,129.16666666666666,2.8166666666666664,671.3333333333334,92.16666666666669,431.41666666666674
9,27,14.425000000000002,20.008333333333333,88.0,1011.9083333333333,242.33333333333331,3.233333333333334,329.5833333333333,212.58333333333331,385.91666666666674
12,25,12.09,20.76,63.7,1013.69,131.4,4.56,42.9,107.5,118.8
10,6,14.716666666666667,20.20833333333333,75.75,1010.3916666666668,251.16666666666663,4.133333333333333,255.83333333333331,187.16666666666663,329.3333333333333
1,17,9.70909090909091,12.236363636363638,69.36363636363636,1016.6818181818179,135.0909090909091,3.063636363636364,359.72727272727275,94.9090909090909,248.27272727272728
4,26,11.078571428571427,11.914285714285713,71.35714285714286,1007.3,269.5,4.021428571428571,664.2857142857142,107.42857142857143,549.5714285714286
9,20,19.8,17.623076923076926,65.53846153846153,1007.1923076923076,252.23076923076923,2.6384615384615384,486.92307692307685,145.38461538461542,437.0
12,23,10.5,4.5299999999999985,47.9,1017.46,103.9,4.69,632.9,60.8,286.0
7,14,14.513333333333332,13.573333333333334,76.66666666666667,1008.1466666666665,227.13333333333333,4.773333333333333,364.73333333333335,182.8,499.33333333333326
3,5,11.983333333333334,10.233333333333333,68.16666666666667,1016.7166666666667,201.91666666666663,2.2916666666666665,616.0833333333334,116.58333333333331,425.08333333333326
8,26,15.714285714285715,14.585714285714285,70.35714285714286,1009.3285714285713,242.85714285714286,2.657142857142857,656.5714285714286,91.28571428571428,522.2857142857143
9,2,16.207142857142856,22.228571428571424,79.57142857142857,1011.3142857142857,244.64285714285717,3.6071428571428568,145.78571428571428,236.14285714285717,352.6428571428572
5,17,12.12142857142857,15.100000000000005,77.42857142857143,1011.3571428571428,246.2142857142857,5.064285714285715,107.14285714285714,275.2142857142857,356.71428571428567
3,5,14.25,13.091666666666665,74.25,1014.1833333333334,248.58333333333331,2.3666666666666667,255.5,213.58333333333331,325.3333333333333
5,10,15.471428571428573,12.092857142857142,57.64285714285714,1006.3785714285716,268.57142857142856,2.9857142857142853,701.7142857142858,103.42857142857143,593.7857142857142
4,24,17.128571428571426,17.750000000000004,59.07142857142857,1014.3714285714284,283.7857142857143,3.4,705.1428571428571,89.07142857142857,555.4285714285714
2,16,11.463636363636365,14.036363636363635,72.54545454545455,1015.1272727272728,297.72727272727275,4.9363636363636365,140.9090909090909,207.72727272727272,256.72727272727275
8,13,19.45714285714286,17.68571428571429,58.42857142857143,1007.4,254.7142857142857,2.685714285714286,697.2142857142858,84.78571428571429,551.7857142857143
3,22,13.93846153846154,18.19230769230769,70.38461538461539,1012.9692307692306,124.76923076923076,2.2846153846153845,348.3846153846154,168.0,386.07692307692315
6,26,15.713333333333333,22.80666666666666,80.33333333333333,1008.7000000000003,256.73333333333335,4.553333333333333,423.66666666666674,157.13333333333333,520.2
1,22,11.009090909090908,12.5,69.27272727272727,1004.6545454545455,255.27272727272728,3.3909090909090907,199.9090909090909,130.63636363636363,206.0909090909091
10,24,15.391666666666666,38.05833333333333,87.33333333333331,999.4333333333334,187.25,11.666666666666664,0.0,63.66666666666666,63.66666666666666
8,11,16.742857142857144,20.35714285714285,79.35714285714286,1007.8928571428571,244.2142857142857,4.214285714285714,250.64285714285717,220.0,424.28571428571433
10,10,16.95,31.96666666666667,80.75,1009.1833333333334,239.66666666666663,2.5416666666666665,106.66666666666669,195.66666666666663,244.16666666666663
3,15,10.22307692307692,13.553846153846154,72.46153846153847,1009.1230769230768,222.3076923076923,6.484615384615385,86.69230769230771,223.38461538461542,284.46153846153845
9,23,18.141666666666673,20.933333333333334,65.83333333333333,1012.775,258.5833333333333,3.3000000000000003,740.0833333333335,70.41666666666667,491.08333333333326
